{
    "Cremona": [
        45.1332,
        10.0227
    ],
    "Sud Sardegna": [
        39.15,
        8.51667
    ],
    "Udine": [
        46.1408,
        13.1663
    ],
    "Macerata": [
        43.2459,
        13.2663
    ],
    "Pistoia": [
        43.9544,
        10.8903
    ],
    "Ascoli Piceno": [
        42.8536,
        13.5749
    ],
    "Sondrio": [
        46.1728,
        9.79949
    ],
    "Cuneo": [
        44.597,
        7.61142
    ],
    "Lucca": [
        44.005,
        10.3498
    ],
    "Pordenone": [
        45.9626,
        12.6551
    ],
    "Biella": [
        45.5408,
        8.10001
    ],
    "Lodi": [
        45.2405,
        9.52925
    ],
    "Enna": [
        37.5165,
        14.3792
    ],
    "Potenza": [
        40.4182,
        15.876
    ],
    "Prato": [
        44.0454,
        11.1164
    ],
    "Siracusa": [
        37.0755,
        15.2866
    ],
    "Aosta": [
        45.735,
        7.31308
    ],
    "Bolzano": [
        46.7341,
        11.2888
    ],
    "Como": [
        45.9534,
        9.20128
    ],
    "Piacenza": [
        44.8263,
        9.52914
    ],
    "Mantova": [
        45.1564,
        10.7914
    ],
    "Arezzo": [
        43.5608,
        11.798
    ],
    "Bologna": [
        44.3693,
        11.2524
    ],
    "Crotone": [
        39.131,
        17.0067
    ],
    "Verona": [
        45.4418,
        11.0735
    ],
    "Massa Carrara": [
        44.0793,
        10.0977
    ],
    "Novara": [
        45.5485,
        8.51508
    ],
    "Teramo": [
        42.5896,
        13.6363
    ],
    "Palermo": [
        38.1157,
        13.3613
    ],
    "Pisa": [
        43.517,
        10.7098
    ],
    "Siena": [
        43.2938,
        11.4339
    ],
    "Terni": [
        42.5635,
        12.5298
    ],
    "Matera": [
        40.6664,
        16.6043
    ],
    "Trieste": [
        45.6895,
        13.7833
    ],
    "Taranto": [
        40.5741,
        17.243
    ],
    "Gorizia": [
        45.9054,
        13.5164
    ],
    "Pescara": [
        42.3571,
        13.9608
    ],
    "Cosenza": [
        39.5644,
        16.2522
    ],
    "Fermo": [
        43.0931,
        13.59
    ],
    "Lecce": [
        40.2347,
        18.1429
    ],
    "Ragusa": [
        36.9306,
        14.7054
    ],
    "Salerno": [
        40.4288,
        15.2195
    ],
    "Forli Cesena": [
        44.1396,
        12.2464
    ],
    "Barletta-Andria-Trani": [
        41.2005,
        16.2051
    ],
    "Frosinone": [
        41.6577,
        13.6363
    ],
    "Rieti": [
        42.3674,
        12.8975
    ],
    "Oristano": [
        39.9062,
        8.58839
    ],
    "Rovigo": [
        45.0242,
        11.8238
    ],
    "Isernia": [
        41.5892,
        14.1931
    ],
    "Benevento": [
        41.2035,
        14.7521
    ],
    "Venezia": [
        45.493,
        12.4177
    ],
    "Verbania": [
        46.089910530721376,
        8.342383952229353
    ],
    "Imperia": [
        43.9419,
        7.82864
    ],
    "Rimini": [
        43.9676,
        12.5757
    ],
    "Roma": [
        41.9215,
        12.7135
    ],
    "Genova": [
        44.4466,
        9.14562
    ],
    "Vicenza": [
        45.6984,
        11.5661
    ],
    "Grosseto": [
        42.8518,
        11.2524
    ],
    "Bari": [
        40.9143,
        16.8178
    ],
    "Livorno": [
        43.024,
        10.6647
    ],
    "L'Aquila": [
        42.1256,
        13.6363
    ],
    "Reggio Emilia": [
        44.5857,
        10.5565
    ],
    "Lecco": [
        45.9383,
        9.38573
    ],
    "Ravenna": [
        44.4406,
        12.0108
    ],
    "Savona": [
        44.2888,
        8.26506
    ],
    "Ferrara": [
        44.7664,
        11.7644
    ],
    "Asti": [
        44.9365,
        8.10894
    ],
    "Varese": [
        45.799,
        8.73009
    ],
    "Messina": [
        38.0632,
        14.9856
    ],
    "Reggio Calabria": [
        38.2889,
        16.064
    ],
    "Nuoro": [
        40.3287,
        9.45615
    ],
    "Latina": [
        41.4087,
        13.0818
    ],
    "Avellino": [
        40.9965,
        15.1259
    ],
    "Bergamo": [
        45.8578,
        9.882
    ],
    "Parma": [
        44.6991,
        10.1324
    ],
    "La Spezia": [
        44.2448,
        9.76787
    ],
    "Sassari": [
        40.7076,
        8.74812
    ],
    "Firenze": [
        43.7679,
        11.2524
    ],
    "Vercelli": [
        45.4132,
        8.29162
    ],
    "Foggia": [
        41.6384,
        15.5943
    ],
    "Vibo Valentia": [
        38.6379,
        16.2051
    ],
    "Belluno": [
        46.2498,
        12.197
    ],
    "Caserta": [
        41.2078,
        14.1001
    ],
    "Pesaro Urbino": [
        43.7263,
        12.6366
    ],
    "Chieti": [
        42.0334,
        14.3792
    ],
    "Napoli": [
        40.902,
        14.3326
    ],
    "Pavia": [
        45.1847,
        9.15821
    ],
    "Agrigento": [
        37.3111,
        13.5765
    ],
    "Monza e Brianza": [
        45.6236,
        9.2588
    ],
    "Alessandria": [
        44.8176,
        8.70466
    ],
    "Milano": [
        45.4586,
        9.18187
    ],
    "Padova": [
        45.3662,
        11.8209
    ],
    "Ancona": [
        43.5493,
        13.2663
    ],
    "Trento": [
        46.0697,
        11.1211
    ],
    "Trapani": [
        37.8777,
        12.7135
    ],
    "Cagliari": [
        39.3779,
        9.10135
    ],
    "Campobasso": [
        41.6308,
        14.4937
    ],
    "Brescia": [
        45.6597,
        10.3857
    ],
    "Perugia": [
        42.938,
        12.6216
    ],
    "Catanzaro": [
        38.8896,
        16.4406
    ],
    "Brindisi": [
        40.6113,
        17.7636
    ],
    "Catania": [
        37.6126,
        14.9389
    ],
    "Torino": [
        45.0633,
        7.66929
    ],
    "Viterbo": [
        42.4002,
        11.8892
    ],
    "Treviso": [
        45.7857,
        12.197
    ],
    "Modena": [
        44.5514,
        10.918
    ],
    "Caltanissetta": [
        37.4901,
        14.0629
    ]
}